"filename", "language", "EditorConfig", "JavaScript", "JSON", "SCSS", "TypeScript", "CSS", "HTML", "Markdown", "XML", "comment", "blank", "total"
"/media/roman/414054776F940E4C/Projects/PARAtask/paratime/.editorconfig", "EditorConfig", 12, 0, 0, 0, 0, 0, 0, 0, 0, 1, 4, 17
"/media/roman/414054776F940E4C/Projects/PARAtask/paratime/README.md", "Markdown", 0, 0, 0, 0, 0, 0, 0, 8, 0, 0, 3, 11
"/media/roman/414054776F940E4C/Projects/PARAtask/paratime/angular.json", "JSON", 0, 0, 106, 0, 0, 0, 0, 0, 0, 20, 0, 126
"/media/roman/414054776F940E4C/Projects/PARAtask/paratime/dependencygraph.svg", "XML", 0, 0, 0, 0, 0, 0, 0, 0, 3242, 432, 1, 3675
"/media/roman/414054776F940E4C/Projects/PARAtask/paratime/e2e/protractor.conf.js", "JavaScript", 0, 24, 0, 0, 0, 0, 0, 0, 0, 6, 2, 32
"/media/roman/414054776F940E4C/Projects/PARAtask/paratime/e2e/src/app.e2e-spec.ts", "TypeScript", 0, 0, 0, 0, 18, 0, 0, 0, 0, 1, 5, 24
"/media/roman/414054776F940E4C/Projects/PARAtask/paratime/e2e/src/app.po.ts", "TypeScript", 0, 0, 0, 0, 9, 0, 0, 0, 0, 0, 3, 12
"/media/roman/414054776F940E4C/Projects/PARAtask/paratime/e2e/tsconfig.json", "JSON", 0, 0, 13, 0, 0, 0, 0, 0, 0, 0, 1, 14
"/media/roman/414054776F940E4C/Projects/PARAtask/paratime/karma.conf.js", "JavaScript", 0, 29, 0, 0, 0, 0, 0, 0, 0, 2, 2, 33
"/media/roman/414054776F940E4C/Projects/PARAtask/paratime/package-lock.json", "JSON", 0, 0, 16250, 0, 0, 0, 0, 0, 0, 0, 1, 16251
"/media/roman/414054776F940E4C/Projects/PARAtask/paratime/package.json", "JSON", 0, 0, 70, 0, 0, 0, 0, 0, 0, 0, 1, 71
"/media/roman/414054776F940E4C/Projects/PARAtask/paratime/src/app/app-routing.module.ts", "TypeScript", 0, 0, 0, 0, 30, 0, 0, 0, 0, 0, 5, 35
"/media/roman/414054776F940E4C/Projects/PARAtask/paratime/src/app/app.component.css", "CSS", 0, 0, 0, 0, 0, 0, 0, 0, 0, 0, 1, 1
"/media/roman/414054776F940E4C/Projects/PARAtask/paratime/src/app/app.component.html", "HTML", 0, 0, 0, 0, 0, 0, 1, 0, 0, 0, 0, 1
"/media/roman/414054776F940E4C/Projects/PARAtask/paratime/src/app/app.component.spec.ts", "TypeScript", 0, 0, 0, 0, 31, 0, 0, 0, 0, 0, 5, 36
"/media/roman/414054776F940E4C/Projects/PARAtask/paratime/src/app/app.component.ts", "TypeScript", 0, 0, 0, 0, 9, 0, 0, 0, 0, 0, 2, 11
"/media/roman/414054776F940E4C/Projects/PARAtask/paratime/src/app/app.module.ts", "TypeScript", 0, 0, 0, 0, 104, 0, 0, 0, 0, 0, 5, 109
"/media/roman/414054776F940E4C/Projects/PARAtask/paratime/src/app/core/core.module.ts", "TypeScript", 0, 0, 0, 0, 9, 0, 0, 0, 0, 0, 4, 13
"/media/roman/414054776F940E4C/Projects/PARAtask/paratime/src/app/core/main/component_control.ts", "TypeScript", 0, 0, 0, 0, 28, 0, 0, 0, 0, 0, 8, 36
"/media/roman/414054776F940E4C/Projects/PARAtask/paratime/src/app/core/main/main.component.css", "CSS", 0, 0, 0, 0, 0, 81, 0, 0, 0, 1, 29, 111
"/media/roman/414054776F940E4C/Projects/PARAtask/paratime/src/app/core/main/main.component.html", "HTML", 0, 0, 0, 0, 0, 0, 27, 0, 0, 2, 4, 33
"/media/roman/414054776F940E4C/Projects/PARAtask/paratime/src/app/core/main/main.component.spec.ts", "TypeScript", 0, 0, 0, 0, 20, 0, 0, 0, 0, 0, 6, 26
"/media/roman/414054776F940E4C/Projects/PARAtask/paratime/src/app/core/main/main.component.ts", "TypeScript", 0, 0, 0, 0, 182, 0, 0, 0, 0, 28, 53, 263
"/media/roman/414054776F940E4C/Projects/PARAtask/paratime/src/app/core/services/app/app.service.spec.ts", "TypeScript", 0, 0, 0, 0, 12, 0, 0, 0, 0, 0, 5, 17
"/media/roman/414054776F940E4C/Projects/PARAtask/paratime/src/app/core/services/app/app.service.ts", "TypeScript", 0, 0, 0, 0, 43, 0, 0, 0, 0, 1, 13, 57
"/media/roman/414054776F940E4C/Projects/PARAtask/paratime/src/app/core/services/task/task.service.spec.ts", "TypeScript", 0, 0, 0, 0, 12, 0, 0, 0, 0, 0, 5, 17
"/media/roman/414054776F940E4C/Projects/PARAtask/paratime/src/app/core/services/task/task.service.ts", "TypeScript", 0, 0, 0, 0, 10, 0, 0, 0, 0, 1, 4, 15
"/media/roman/414054776F940E4C/Projects/PARAtask/paratime/src/app/core/services/time/time.service.spec.ts", "TypeScript", 0, 0, 0, 0, 12, 0, 0, 0, 0, 0, 5, 17
"/media/roman/414054776F940E4C/Projects/PARAtask/paratime/src/app/core/services/time/time.service.ts", "TypeScript", 0, 0, 0, 0, 14, 0, 0, 0, 0, 0, 6, 20
"/media/roman/414054776F940E4C/Projects/PARAtask/paratime/src/app/data.service.spec.ts", "TypeScript", 0, 0, 0, 0, 12, 0, 0, 0, 0, 0, 5, 17
"/media/roman/414054776F940E4C/Projects/PARAtask/paratime/src/app/data.service.ts", "TypeScript", 0, 0, 0, 0, 14, 0, 0, 0, 0, 1, 6, 21
"/media/roman/414054776F940E4C/Projects/PARAtask/paratime/src/app/database/data/common/models.ts", "TypeScript", 0, 0, 0, 0, 20, 0, 0, 0, 0, 0, 7, 27
"/media/roman/414054776F940E4C/Projects/PARAtask/paratime/src/app/database/data/common/models/insert.column.result.ts", "TypeScript", 0, 0, 0, 0, 17, 0, 0, 0, 0, 0, 5, 22
"/media/roman/414054776F940E4C/Projects/PARAtask/paratime/src/app/database/data/common/models/insert.kanban.task.result.ts", "TypeScript", 0, 0, 0, 0, 17, 0, 0, 0, 0, 0, 7, 24
"/media/roman/414054776F940E4C/Projects/PARAtask/paratime/src/app/database/data/common/models/insert.project.result.ts", "TypeScript", 0, 0, 0, 0, 33, 0, 0, 0, 0, 0, 10, 43
"/media/roman/414054776F940E4C/Projects/PARAtask/paratime/src/app/database/data/common/models/insert.subtask.result.ts", "TypeScript", 0, 0, 0, 0, 17, 0, 0, 0, 0, 0, 3, 20
"/media/roman/414054776F940E4C/Projects/PARAtask/paratime/src/app/database/data/common/models/insert.task.data.ts", "TypeScript", 0, 0, 0, 0, 31, 0, 0, 0, 0, 0, 11, 42
"/media/roman/414054776F940E4C/Projects/PARAtask/paratime/src/app/database/data/common/models/insert.task.result.ts", "TypeScript", 0, 0, 0, 0, 32, 0, 0, 0, 0, 0, 9, 41
"/media/roman/414054776F940E4C/Projects/PARAtask/paratime/src/app/database/data/common/order/order.controller.ts", "TypeScript", 0, 0, 0, 0, 130, 0, 0, 0, 0, 2, 18, 150
"/media/roman/414054776F940E4C/Projects/PARAtask/paratime/src/app/database/data/common/order/status.order.controller.ts", "TypeScript", 0, 0, 0, 0, 17, 0, 0, 0, 0, 1, 5, 23
"/media/roman/414054776F940E4C/Projects/PARAtask/paratime/src/app/database/data/common/repositories/kanban_columns_repository.ts", "TypeScript", 0, 0, 0, 0, 11, 0, 0, 0, 0, 0, 2, 13
"/media/roman/414054776F940E4C/Projects/PARAtask/paratime/src/app/database/data/common/repositories/kanban_tasks_repository.ts", "TypeScript", 0, 0, 0, 0, 11, 0, 0, 0, 0, 0, 2, 13
"/media/roman/414054776F940E4C/Projects/PARAtask/paratime/src/app/database/data/common/repositories/label_repository.ts", "TypeScript", 0, 0, 0, 0, 11, 0, 0, 0, 0, 0, 2, 13
"/media/roman/414054776F940E4C/Projects/PARAtask/paratime/src/app/database/data/common/repositories/orderable.repository.ts", "TypeScript", 0, 0, 0, 0, 32, 0, 0, 0, 0, 0, 9, 41
"/media/roman/414054776F940E4C/Projects/PARAtask/paratime/src/app/database/data/common/repositories/pomodoro_repository.ts", "TypeScript", 0, 0, 0, 0, 12, 0, 0, 0, 0, 1, 2, 15
"/media/roman/414054776F940E4C/Projects/PARAtask/paratime/src/app/database/data/common/repositories/project_repository.ts", "TypeScript", 0, 0, 0, 0, 12, 0, 0, 0, 0, 0, 2, 14
"/media/roman/414054776F940E4C/Projects/PARAtask/paratime/src/app/database/data/common/repositories/stage_repository.ts", "TypeScript", 0, 0, 0, 0, 10, 0, 0, 0, 0, 0, 2, 12
"/media/roman/414054776F940E4C/Projects/PARAtask/paratime/src/app/database/data/common/repositories/subtask_repository.ts", "TypeScript", 0, 0, 0, 0, 10, 0, 0, 0, 0, 0, 2, 12
"/media/roman/414054776F940E4C/Projects/PARAtask/paratime/src/app/database/data/common/repositories/task_labels_repository.ts", "TypeScript", 0, 0, 0, 0, 9, 0, 0, 0, 0, 0, 2, 11
"/media/roman/414054776F940E4C/Projects/PARAtask/paratime/src/app/database/data/common/repositories/task_repository.ts", "TypeScript", 0, 0, 0, 0, 21, 0, 0, 0, 0, 0, 2, 23
"/media/roman/414054776F940E4C/Projects/PARAtask/paratime/src/app/database/data/common/source.ts", "TypeScript", 0, 0, 0, 0, 20, 0, 0, 0, 0, 0, 1, 21
"/media/roman/414054776F940E4C/Projects/PARAtask/paratime/src/app/database/data/common/store/kanban.column.store.ts", "TypeScript", 0, 0, 0, 0, 101, 0, 0, 0, 0, 2, 12, 115
"/media/roman/414054776F940E4C/Projects/PARAtask/paratime/src/app/database/data/common/store/kanban.task.store.ts", "TypeScript", 0, 0, 0, 0, 99, 0, 0, 0, 0, 3, 23, 125
"/media/roman/414054776F940E4C/Projects/PARAtask/paratime/src/app/database/data/common/store/label_store.ts", "TypeScript", 0, 0, 0, 0, 89, 0, 0, 0, 0, 2, 16, 107
"/media/roman/414054776F940E4C/Projects/PARAtask/paratime/src/app/database/data/common/store/orderable.store.ts", "TypeScript", 0, 0, 0, 0, 5, 0, 0, 0, 0, 0, 2, 7
"/media/roman/414054776F940E4C/Projects/PARAtask/paratime/src/app/database/data/common/store/pomodoro_store.ts", "TypeScript", 0, 0, 0, 0, 34, 0, 0, 0, 0, 0, 12, 46
"/media/roman/414054776F940E4C/Projects/PARAtask/paratime/src/app/database/data/common/store/project_store.ts", "TypeScript", 0, 0, 0, 0, 123, 0, 0, 0, 0, 3, 14, 140
"/media/roman/414054776F940E4C/Projects/PARAtask/paratime/src/app/database/data/common/store/stage_store.ts", "TypeScript", 0, 0, 0, 0, 71, 0, 0, 0, 0, 3, 12, 86
"/media/roman/414054776F940E4C/Projects/PARAtask/paratime/src/app/database/data/common/store/subtask_store.ts", "TypeScript", 0, 0, 0, 0, 56, 0, 0, 0, 0, 0, 13, 69
"/media/roman/414054776F940E4C/Projects/PARAtask/paratime/src/app/database/data/common/store/task_store.ts", "TypeScript", 0, 0, 0, 0, 277, 0, 0, 0, 0, 13, 34, 324
"/media/roman/414054776F940E4C/Projects/PARAtask/paratime/src/app/database/data/common/store_manager.ts", "TypeScript", 0, 0, 0, 0, 54, 0, 0, 0, 0, 1, 13, 68
"/media/roman/414054776F940E4C/Projects/PARAtask/paratime/src/app/database/data/models/date.adapter.ts", "TypeScript", 0, 0, 0, 0, 20, 0, 0, 0, 0, 0, 3, 23
"/media/roman/414054776F940E4C/Projects/PARAtask/paratime/src/app/database/data/models/kanban.ts", "TypeScript", 0, 0, 0, 0, 92, 0, 0, 0, 0, 2, 25, 119
"/media/roman/414054776F940E4C/Projects/PARAtask/paratime/src/app/database/data/models/label.ts", "TypeScript", 0, 0, 0, 0, 21, 0, 0, 0, 0, 0, 6, 27
"/media/roman/414054776F940E4C/Projects/PARAtask/paratime/src/app/database/data/models/orderable.item.ts", "TypeScript", 0, 0, 0, 0, 32, 0, 0, 0, 0, 1, 10, 43
"/media/roman/414054776F940E4C/Projects/PARAtask/paratime/src/app/database/data/models/pomodoro.history.ts", "TypeScript", 0, 0, 0, 0, 65, 0, 0, 0, 0, 1, 13, 79
"/media/roman/414054776F940E4C/Projects/PARAtask/paratime/src/app/database/data/models/priority.ts", "TypeScript", 0, 0, 0, 0, 7, 0, 0, 0, 0, 0, 0, 7
"/media/roman/414054776F940E4C/Projects/PARAtask/paratime/src/app/database/data/models/project.ts", "TypeScript", 0, 0, 0, 0, 103, 0, 0, 0, 0, 0, 26, 129
"/media/roman/414054776F940E4C/Projects/PARAtask/paratime/src/app/database/data/models/project_type.ts", "TypeScript", 0, 0, 0, 0, 6, 0, 0, 0, 0, 0, 1, 7
"/media/roman/414054776F940E4C/Projects/PARAtask/paratime/src/app/database/data/models/stage.ts", "TypeScript", 0, 0, 0, 0, 53, 0, 0, 0, 0, 0, 14, 67
"/media/roman/414054776F940E4C/Projects/PARAtask/paratime/src/app/database/data/models/status.ts", "TypeScript", 0, 0, 0, 0, 6, 0, 0, 0, 0, 0, 2, 8
"/media/roman/414054776F940E4C/Projects/PARAtask/paratime/src/app/database/data/models/subtask.ts", "TypeScript", 0, 0, 0, 0, 42, 0, 0, 0, 0, 0, 12, 54
"/media/roman/414054776F940E4C/Projects/PARAtask/paratime/src/app/database/data/models/task.container.ts", "TypeScript", 0, 0, 0, 0, 4, 0, 0, 0, 0, 0, 2, 6
"/media/roman/414054776F940E4C/Projects/PARAtask/paratime/src/app/database/data/models/task.item.ts", "TypeScript", 0, 0, 0, 0, 6, 0, 0, 0, 0, 1, 4, 11
"/media/roman/414054776F940E4C/Projects/PARAtask/paratime/src/app/database/data/models/task.ts", "TypeScript", 0, 0, 0, 0, 171, 0, 0, 0, 0, 2, 45, 218
"/media/roman/414054776F940E4C/Projects/PARAtask/paratime/src/app/database/database.module.ts", "TypeScript", 0, 0, 0, 0, 9, 0, 0, 0, 0, 0, 4, 13
"/media/roman/414054776F940E4C/Projects/PARAtask/paratime/src/app/database/local/database.ts", "TypeScript", 0, 0, 0, 0, 95, 0, 0, 0, 0, 0, 17, 112
"/media/roman/414054776F940E4C/Projects/PARAtask/paratime/src/app/database/local/repositories/kanban_columns_repository.ts", "TypeScript", 0, 0, 0, 0, 45, 0, 0, 0, 0, 1, 14, 60
"/media/roman/414054776F940E4C/Projects/PARAtask/paratime/src/app/database/local/repositories/kanban_tasks_repository.ts", "TypeScript", 0, 0, 0, 0, 45, 0, 0, 0, 0, 0, 14, 59
"/media/roman/414054776F940E4C/Projects/PARAtask/paratime/src/app/database/local/repositories/label_repository.ts", "TypeScript", 0, 0, 0, 0, 43, 0, 0, 0, 0, 0, 15, 58
"/media/roman/414054776F940E4C/Projects/PARAtask/paratime/src/app/database/local/repositories/pomodoro_repository.ts", "TypeScript", 0, 0, 0, 0, 51, 0, 0, 0, 0, 2, 15, 68
"/media/roman/414054776F940E4C/Projects/PARAtask/paratime/src/app/database/local/repositories/project_repository.ts", "TypeScript", 0, 0, 0, 0, 57, 0, 0, 0, 0, 3, 17, 77
"/media/roman/414054776F940E4C/Projects/PARAtask/paratime/src/app/database/local/repositories/stage_repository.ts", "TypeScript", 0, 0, 0, 0, 54, 0, 0, 0, 0, 1, 14, 69
"/media/roman/414054776F940E4C/Projects/PARAtask/paratime/src/app/database/local/repositories/subtask_repository.ts", "TypeScript", 0, 0, 0, 0, 38, 0, 0, 0, 0, 0, 14, 52
"/media/roman/414054776F940E4C/Projects/PARAtask/paratime/src/app/database/local/repositories/task_labels_repository.ts", "TypeScript", 0, 0, 0, 0, 37, 0, 0, 0, 0, 0, 11, 48
"/media/roman/414054776F940E4C/Projects/PARAtask/paratime/src/app/database/local/repositories/task_repository.ts", "TypeScript", 0, 0, 0, 0, 100, 0, 0, 0, 0, 8, 26, 134
"/media/roman/414054776F940E4C/Projects/PARAtask/paratime/src/app/database/local/source.ts", "TypeScript", 0, 0, 0, 0, 70, 0, 0, 0, 0, 1, 16, 87
"/media/roman/414054776F940E4C/Projects/PARAtask/paratime/src/app/pomodoro/pomodoro.module.ts", "TypeScript", 0, 0, 0, 0, 9, 0, 0, 0, 0, 0, 4, 13
"/media/roman/414054776F940E4C/Projects/PARAtask/paratime/src/app/pomodoro/pomodoro/model/label.ts", "TypeScript", 0, 0, 0, 0, 18, 0, 0, 0, 0, 0, 7, 25
"/media/roman/414054776F940E4C/Projects/PARAtask/paratime/src/app/pomodoro/pomodoro/model/task.ts", "TypeScript", 0, 0, 0, 0, 47, 0, 0, 0, 0, 0, 14, 61
"/media/roman/414054776F940E4C/Projects/PARAtask/paratime/src/app/pomodoro/pomodoro/pomodoro.callbacks.ts", "TypeScript", 0, 0, 0, 0, 11, 0, 0, 0, 0, 0, 3, 14
"/media/roman/414054776F940E4C/Projects/PARAtask/paratime/src/app/pomodoro/pomodoro/pomodoro.service.spec.ts", "TypeScript", 0, 0, 0, 0, 12, 0, 0, 0, 0, 0, 5, 17
"/media/roman/414054776F940E4C/Projects/PARAtask/paratime/src/app/pomodoro/pomodoro/pomodoro.service.ts", "TypeScript", 0, 0, 0, 0, 185, 0, 0, 0, 0, 6, 39, 230
"/media/roman/414054776F940E4C/Projects/PARAtask/paratime/src/app/pomodoro/pomodoro/settings/initializator.ts", "TypeScript", 0, 0, 0, 0, 19, 0, 0, 0, 0, 0, 4, 23
"/media/roman/414054776F940E4C/Projects/PARAtask/paratime/src/app/pomodoro/pomodoro/settings/settings.controller.ts", "TypeScript", 0, 0, 0, 0, 15, 0, 0, 0, 0, 0, 4, 19
"/media/roman/414054776F940E4C/Projects/PARAtask/paratime/src/app/pomodoro/pomodoro/settings/settings.storage.ts", "TypeScript", 0, 0, 0, 0, 70, 0, 0, 0, 0, 0, 9, 79
"/media/roman/414054776F940E4C/Projects/PARAtask/paratime/src/app/pomodoro/pomodoro/settings/settings.ts", "TypeScript", 0, 0, 0, 0, 90, 0, 0, 0, 0, 9, 20, 119
"/media/roman/414054776F940E4C/Projects/PARAtask/paratime/src/app/pomodoro/pomodoro/shared/change.cause.ts", "TypeScript", 0, 0, 0, 0, 6, 0, 0, 0, 0, 0, 1, 7
"/media/roman/414054776F940E4C/Projects/PARAtask/paratime/src/app/pomodoro/pomodoro/shared/formatter.ts", "TypeScript", 0, 0, 0, 0, 23, 0, 0, 0, 0, 0, 6, 29
"/media/roman/414054776F940E4C/Projects/PARAtask/paratime/src/app/pomodoro/pomodoro/shared/state.ts", "TypeScript", 0, 0, 0, 0, 17, 0, 0, 0, 0, 0, 3, 20
"/media/roman/414054776F940E4C/Projects/PARAtask/paratime/src/app/pomodoro/pomodoro/statistics/checker.ts", "TypeScript", 0, 0, 0, 0, 23, 0, 0, 0, 0, 2, 4, 29
"/media/roman/414054776F940E4C/Projects/PARAtask/paratime/src/app/pomodoro/pomodoro/statistics/statistics.ts", "TypeScript", 0, 0, 0, 0, 24, 0, 0, 0, 0, 0, 8, 32
"/media/roman/414054776F940E4C/Projects/PARAtask/paratime/src/app/pomodoro/pomodoro/statistics/summary.creator.ts", "TypeScript", 0, 0, 0, 0, 17, 0, 0, 0, 0, 0, 4, 21
"/media/roman/414054776F940E4C/Projects/PARAtask/paratime/src/app/pomodoro/pomodoro/statistics/summary.ts", "TypeScript", 0, 0, 0, 0, 57, 0, 0, 0, 0, 0, 14, 71
"/media/roman/414054776F940E4C/Projects/PARAtask/paratime/src/app/pomodoro/pomodoro/timer/pomodoro.timer.ts", "TypeScript", 0, 0, 0, 0, 137, 0, 0, 0, 0, 3, 28, 168
"/media/roman/414054776F940E4C/Projects/PARAtask/paratime/src/app/pomodoro/pomodoro/timer/settings.controller.ts", "TypeScript", 0, 0, 0, 0, 50, 0, 0, 0, 0, 0, 11, 61
"/media/roman/414054776F940E4C/Projects/PARAtask/paratime/src/app/pomodoro/pomodoro/timer/state.info.creator.ts", "TypeScript", 0, 0, 0, 0, 57, 0, 0, 0, 0, 0, 9, 66
"/media/roman/414054776F940E4C/Projects/PARAtask/paratime/src/app/pomodoro/pomodoro/timer/state.info.ts", "TypeScript", 0, 0, 0, 0, 31, 0, 0, 0, 0, 0, 8, 39
"/media/roman/414054776F940E4C/Projects/PARAtask/paratime/src/app/pomodoro/pomodoro/timer/summary.ts", "TypeScript", 0, 0, 0, 0, 15, 0, 0, 0, 0, 0, 7, 22
"/media/roman/414054776F940E4C/Projects/PARAtask/paratime/src/app/pomodoro/pomodoro/timer/ticking.controller.ts", "TypeScript", 0, 0, 0, 0, 55, 0, 0, 0, 0, 1, 11, 67
"/media/roman/414054776F940E4C/Projects/PARAtask/paratime/src/app/pomodoro/pomodoro/timer/timer.info.ts", "TypeScript", 0, 0, 0, 0, 24, 0, 0, 0, 0, 0, 5, 29
"/media/roman/414054776F940E4C/Projects/PARAtask/paratime/src/app/pomodoro/pomodoro/timer/timer.ts", "TypeScript", 0, 0, 0, 0, 30, 0, 0, 0, 0, 0, 6, 36
"/media/roman/414054776F940E4C/Projects/PARAtask/paratime/src/app/shared/adapters/pomodoro.adapter.ts", "TypeScript", 0, 0, 0, 0, 13, 0, 0, 0, 0, 0, 3, 16
"/media/roman/414054776F940E4C/Projects/PARAtask/paratime/src/app/shared/common/date_formatter.ts", "TypeScript", 0, 0, 0, 0, 5, 0, 0, 0, 0, 1, 1, 7
"/media/roman/414054776F940E4C/Projects/PARAtask/paratime/src/app/shared/common/dialog.ts", "TypeScript", 0, 0, 0, 0, 9, 0, 0, 0, 0, 0, 3, 12
"/media/roman/414054776F940E4C/Projects/PARAtask/paratime/src/app/shared/common/edit_input_handler.ts", "TypeScript", 0, 0, 0, 0, 11, 0, 0, 0, 0, 0, 2, 13
"/media/roman/414054776F940E4C/Projects/PARAtask/paratime/src/app/shared/common/filter/filter.ts", "TypeScript", 0, 0, 0, 0, 21, 0, 0, 0, 0, 0, 6, 27
"/media/roman/414054776F940E4C/Projects/PARAtask/paratime/src/app/shared/common/filter/filterable.list.ts", "TypeScript", 0, 0, 0, 0, 3, 0, 0, 0, 0, 0, 1, 4
"/media/roman/414054776F940E4C/Projects/PARAtask/paratime/src/app/shared/common/filter/filterable.ts", "TypeScript", 0, 0, 0, 0, 3, 0, 0, 0, 0, 0, 0, 3
"/media/roman/414054776F940E4C/Projects/PARAtask/paratime/src/app/shared/common/filter/filtered_list.ts", "TypeScript", 0, 0, 0, 0, 23, 0, 0, 0, 0, 0, 7, 30
"/media/roman/414054776F940E4C/Projects/PARAtask/paratime/src/app/shared/common/key_codes.ts", "TypeScript", 0, 0, 0, 0, 4, 0, 0, 0, 0, 0, 1, 5
"/media/roman/414054776F940E4C/Projects/PARAtask/paratime/src/app/shared/common/keys/key_handler.ts", "TypeScript", 0, 0, 0, 0, 8, 0, 0, 0, 0, 0, 1, 9
"/media/roman/414054776F940E4C/Projects/PARAtask/paratime/src/app/shared/common/lists/list.helper.ts", "TypeScript", 0, 0, 0, 0, 9, 0, 0, 0, 0, 0, 3, 12
"/media/roman/414054776F940E4C/Projects/PARAtask/paratime/src/app/shared/common/lists/tasks.list.ts", "TypeScript", 0, 0, 0, 0, 83, 0, 0, 0, 0, 2, 15, 100
"/media/roman/414054776F940E4C/Projects/PARAtask/paratime/src/app/shared/common/order/orderable.list.ts", "TypeScript", 0, 0, 0, 0, 3, 0, 0, 0, 0, 0, 2, 5
"/media/roman/414054776F940E4C/Projects/PARAtask/paratime/src/app/shared/common/order/ordered.list.ts", "TypeScript", 0, 0, 0, 0, 4, 0, 0, 0, 0, 30, 10, 44
"/media/roman/414054776F940E4C/Projects/PARAtask/paratime/src/app/shared/common/order/orderer.ts", "TypeScript", 0, 0, 0, 0, 40, 0, 0, 0, 0, 0, 7, 47
"/media/roman/414054776F940E4C/Projects/PARAtask/paratime/src/app/shared/common/values.ts", "TypeScript", 0, 0, 0, 0, 6, 0, 0, 0, 0, 0, 4, 10
"/media/roman/414054776F940E4C/Projects/PARAtask/paratime/src/app/shared/common/view_helper.ts", "TypeScript", 0, 0, 0, 0, 16, 0, 0, 0, 0, 0, 3, 19
"/media/roman/414054776F940E4C/Projects/PARAtask/paratime/src/app/shared/shared.module.ts", "TypeScript", 0, 0, 0, 0, 9, 0, 0, 0, 0, 0, 4, 13
"/media/roman/414054776F940E4C/Projects/PARAtask/paratime/src/app/shared/side-container/labels/adding/label.adding.controller.ts", "TypeScript", 0, 0, 0, 0, 58, 0, 0, 0, 0, 0, 11, 69
"/media/roman/414054776F940E4C/Projects/PARAtask/paratime/src/app/shared/side-container/labels/adding/label.adding.model.ts", "TypeScript", 0, 0, 0, 0, 9, 0, 0, 0, 0, 0, 3, 12
"/media/roman/414054776F940E4C/Projects/PARAtask/paratime/src/app/shared/side-container/labels/common/label_view_state.ts", "TypeScript", 0, 0, 0, 0, 25, 0, 0, 0, 0, 0, 9, 34
"/media/roman/414054776F940E4C/Projects/PARAtask/paratime/src/app/shared/side-container/labels/common/list.model.ts", "TypeScript", 0, 0, 0, 0, 20, 0, 0, 0, 0, 1, 7, 28
"/media/roman/414054776F940E4C/Projects/PARAtask/paratime/src/app/shared/side-container/labels/editing/label.editing.controller.ts", "TypeScript", 0, 0, 0, 0, 49, 0, 0, 0, 0, 1, 13, 63
"/media/roman/414054776F940E4C/Projects/PARAtask/paratime/src/app/shared/side-container/labels/editing/label.editing.model.ts", "TypeScript", 0, 0, 0, 0, 9, 0, 0, 0, 0, 0, 3, 12
"/media/roman/414054776F940E4C/Projects/PARAtask/paratime/src/app/shared/side-container/labels/events/update.event.ts", "TypeScript", 0, 0, 0, 0, 3, 0, 0, 0, 0, 0, 3, 6
"/media/roman/414054776F940E4C/Projects/PARAtask/paratime/src/app/shared/side-container/labels/labels.component.css", "CSS", 0, 0, 0, 0, 0, 36, 0, 0, 0, 3, 13, 52
"/media/roman/414054776F940E4C/Projects/PARAtask/paratime/src/app/shared/side-container/labels/labels.component.html", "HTML", 0, 0, 0, 0, 0, 0, 108, 0, 0, 1, 6, 115
"/media/roman/414054776F940E4C/Projects/PARAtask/paratime/src/app/shared/side-container/labels/labels.component.spec.ts", "TypeScript", 0, 0, 0, 0, 20, 0, 0, 0, 0, 0, 6, 26
"/media/roman/414054776F940E4C/Projects/PARAtask/paratime/src/app/shared/side-container/labels/labels.component.ts", "TypeScript", 0, 0, 0, 0, 81, 0, 0, 0, 0, 0, 12, 93
"/media/roman/414054776F940E4C/Projects/PARAtask/paratime/src/app/shared/side-container/labels/removing/label.removing.controller.ts", "TypeScript", 0, 0, 0, 0, 35, 0, 0, 0, 0, 0, 5, 40
"/media/roman/414054776F940E4C/Projects/PARAtask/paratime/src/app/shared/side-container/pomodoro/pomodoro-settings/pomodoro-settings.component.css", "CSS", 0, 0, 0, 0, 0, 21, 0, 0, 0, 0, 4, 25
"/media/roman/414054776F940E4C/Projects/PARAtask/paratime/src/app/shared/side-container/pomodoro/pomodoro-settings/pomodoro-settings.component.html", "HTML", 0, 0, 0, 0, 0, 0, 80, 0, 0, 0, 12, 92
"/media/roman/414054776F940E4C/Projects/PARAtask/paratime/src/app/shared/side-container/pomodoro/pomodoro-settings/pomodoro-settings.component.spec.ts", "TypeScript", 0, 0, 0, 0, 20, 0, 0, 0, 0, 0, 6, 26
"/media/roman/414054776F940E4C/Projects/PARAtask/paratime/src/app/shared/side-container/pomodoro/pomodoro-settings/pomodoro-settings.component.ts", "TypeScript", 0, 0, 0, 0, 19, 0, 0, 0, 0, 0, 8, 27
"/media/roman/414054776F940E4C/Projects/PARAtask/paratime/src/app/shared/side-container/pomodoro/pomodoro.component.css", "CSS", 0, 0, 0, 0, 0, 76, 0, 0, 0, 0, 17, 93
"/media/roman/414054776F940E4C/Projects/PARAtask/paratime/src/app/shared/side-container/pomodoro/pomodoro.component.html", "HTML", 0, 0, 0, 0, 0, 0, 61, 0, 0, 0, 11, 72
"/media/roman/414054776F940E4C/Projects/PARAtask/paratime/src/app/shared/side-container/pomodoro/pomodoro.component.spec.ts", "TypeScript", 0, 0, 0, 0, 20, 0, 0, 0, 0, 0, 6, 26
"/media/roman/414054776F940E4C/Projects/PARAtask/paratime/src/app/shared/side-container/pomodoro/pomodoro.component.ts", "TypeScript", 0, 0, 0, 0, 122, 0, 0, 0, 0, 3, 34, 159
"/media/roman/414054776F940E4C/Projects/PARAtask/paratime/src/app/shared/side-container/side-container.component.css", "CSS", 0, 0, 0, 0, 0, 14, 0, 0, 0, 0, 5, 19
"/media/roman/414054776F940E4C/Projects/PARAtask/paratime/src/app/shared/side-container/side-container.component.html", "HTML", 0, 0, 0, 0, 0, 0, 29, 0, 0, 0, 3, 32
"/media/roman/414054776F940E4C/Projects/PARAtask/paratime/src/app/shared/side-container/side-container.component.spec.ts", "TypeScript", 0, 0, 0, 0, 20, 0, 0, 0, 0, 0, 6, 26
"/media/roman/414054776F940E4C/Projects/PARAtask/paratime/src/app/shared/side-container/side-container.component.ts", "TypeScript", 0, 0, 0, 0, 41, 0, 0, 0, 0, 0, 13, 54
"/media/roman/414054776F940E4C/Projects/PARAtask/paratime/src/app/summary/pomodoro-statistics/data-source/project.data.source.ts", "TypeScript", 0, 0, 0, 0, 28, 0, 0, 0, 0, 0, 7, 35
"/media/roman/414054776F940E4C/Projects/PARAtask/paratime/src/app/summary/pomodoro-statistics/data-source/task.data.source.ts", "TypeScript", 0, 0, 0, 0, 30, 0, 0, 0, 0, 1, 12, 43
"/media/roman/414054776F940E4C/Projects/PARAtask/paratime/src/app/summary/pomodoro-statistics/model.ts", "TypeScript", 0, 0, 0, 0, 182, 0, 0, 0, 0, 1, 40, 223
"/media/roman/414054776F940E4C/Projects/PARAtask/paratime/src/app/summary/pomodoro-statistics/pomodoro-statistics.component.css", "CSS", 0, 0, 0, 0, 0, 0, 0, 0, 0, 0, 1, 1
"/media/roman/414054776F940E4C/Projects/PARAtask/paratime/src/app/summary/pomodoro-statistics/pomodoro-statistics.component.html", "HTML", 0, 0, 0, 0, 0, 0, 44, 0, 0, 0, 11, 55
"/media/roman/414054776F940E4C/Projects/PARAtask/paratime/src/app/summary/pomodoro-statistics/pomodoro-statistics.component.spec.ts", "TypeScript", 0, 0, 0, 0, 20, 0, 0, 0, 0, 0, 6, 26
"/media/roman/414054776F940E4C/Projects/PARAtask/paratime/src/app/summary/pomodoro-statistics/pomodoro-statistics.component.ts", "TypeScript", 0, 0, 0, 0, 66, 0, 0, 0, 0, 0, 16, 82
"/media/roman/414054776F940E4C/Projects/PARAtask/paratime/src/app/summary/pomodoro-statistics/sorter/project.data.sorter.ts", "TypeScript", 0, 0, 0, 0, 34, 0, 0, 0, 0, 2, 7, 43
"/media/roman/414054776F940E4C/Projects/PARAtask/paratime/src/app/summary/pomodoro-statistics/sorter/task.data.sorter.ts", "TypeScript", 0, 0, 0, 0, 34, 0, 0, 0, 0, 2, 6, 42
"/media/roman/414054776F940E4C/Projects/PARAtask/paratime/src/app/summary/summary.module.ts", "TypeScript", 0, 0, 0, 0, 9, 0, 0, 0, 0, 0, 4, 13
"/media/roman/414054776F940E4C/Projects/PARAtask/paratime/src/app/tasks/details-container/details-container.component.css", "CSS", 0, 0, 0, 0, 0, 6, 0, 0, 0, 1, 2, 9
"/media/roman/414054776F940E4C/Projects/PARAtask/paratime/src/app/tasks/details-container/details-container.component.html", "HTML", 0, 0, 0, 0, 0, 0, 8, 0, 0, 0, 1, 9
"/media/roman/414054776F940E4C/Projects/PARAtask/paratime/src/app/tasks/details-container/details-container.component.spec.ts", "TypeScript", 0, 0, 0, 0, 20, 0, 0, 0, 0, 0, 6, 26
"/media/roman/414054776F940E4C/Projects/PARAtask/paratime/src/app/tasks/details-container/details-container.component.ts", "TypeScript", 0, 0, 0, 0, 67, 0, 0, 0, 0, 0, 20, 87
"/media/roman/414054776F940E4C/Projects/PARAtask/paratime/src/app/tasks/details-container/events/open.details.event.ts", "TypeScript", 0, 0, 0, 0, 7, 0, 0, 0, 0, 0, 3, 10
"/media/roman/414054776F940E4C/Projects/PARAtask/paratime/src/app/tasks/details-container/project-details/events/close.event.ts", "TypeScript", 0, 0, 0, 0, 3, 0, 0, 0, 0, 0, 3, 6
"/media/roman/414054776F940E4C/Projects/PARAtask/paratime/src/app/tasks/details-container/project-details/events/save.event.ts", "TypeScript", 0, 0, 0, 0, 4, 0, 0, 0, 0, 0, 3, 7
"/media/roman/414054776F940E4C/Projects/PARAtask/paratime/src/app/tasks/details-container/project-details/events/stage.details.event.ts", "TypeScript", 0, 0, 0, 0, 7, 0, 0, 0, 0, 0, 3, 10
"/media/roman/414054776F940E4C/Projects/PARAtask/paratime/src/app/tasks/details-container/project-details/events/update.event.ts", "TypeScript", 0, 0, 0, 0, 4, 0, 0, 0, 0, 0, 3, 7
"/media/roman/414054776F940E4C/Projects/PARAtask/paratime/src/app/tasks/details-container/project-details/model/change.detector.ts", "TypeScript", 0, 0, 0, 0, 32, 0, 0, 0, 0, 0, 8, 40
"/media/roman/414054776F940E4C/Projects/PARAtask/paratime/src/app/tasks/details-container/project-details/model/model.ts", "TypeScript", 0, 0, 0, 0, 44, 0, 0, 0, 0, 1, 10, 55
"/media/roman/414054776F940E4C/Projects/PARAtask/paratime/src/app/tasks/details-container/project-details/model/state.ts", "TypeScript", 0, 0, 0, 0, 25, 0, 0, 0, 0, 0, 9, 34
"/media/roman/414054776F940E4C/Projects/PARAtask/paratime/src/app/tasks/details-container/project-details/model/validator.ts", "TypeScript", 0, 0, 0, 0, 21, 0, 0, 0, 0, 0, 6, 27
"/media/roman/414054776F940E4C/Projects/PARAtask/paratime/src/app/tasks/details-container/project-details/project-details.component.css", "CSS", 0, 0, 0, 0, 0, 29, 0, 0, 0, 8, 13, 50
"/media/roman/414054776F940E4C/Projects/PARAtask/paratime/src/app/tasks/details-container/project-details/project-details.component.html", "HTML", 0, 0, 0, 0, 0, 0, 276, 0, 0, 1, 18, 295
"/media/roman/414054776F940E4C/Projects/PARAtask/paratime/src/app/tasks/details-container/project-details/project-details.component.spec.ts", "TypeScript", 0, 0, 0, 0, 20, 0, 0, 0, 0, 0, 6, 26
"/media/roman/414054776F940E4C/Projects/PARAtask/paratime/src/app/tasks/details-container/project-details/project-details.component.ts", "TypeScript", 0, 0, 0, 0, 115, 0, 0, 0, 0, 1, 17, 133
"/media/roman/414054776F940E4C/Projects/PARAtask/paratime/src/app/tasks/details-container/project-details/stage/project.stage.model.ts", "TypeScript", 0, 0, 0, 0, 19, 0, 0, 0, 0, 0, 6, 25
"/media/roman/414054776F940E4C/Projects/PARAtask/paratime/src/app/tasks/details-container/project-details/stage/project.stages.controller.ts", "TypeScript", 0, 0, 0, 0, 59, 0, 0, 0, 0, 1, 13, 73
"/media/roman/414054776F940E4C/Projects/PARAtask/paratime/src/app/tasks/details-container/stage-details/events/close.event.ts", "TypeScript", 0, 0, 0, 0, 3, 0, 0, 0, 0, 0, 3, 6
"/media/roman/414054776F940E4C/Projects/PARAtask/paratime/src/app/tasks/details-container/stage-details/events/update.event.ts", "TypeScript", 0, 0, 0, 0, 4, 0, 0, 0, 0, 0, 3, 7
"/media/roman/414054776F940E4C/Projects/PARAtask/paratime/src/app/tasks/details-container/stage-details/model.ts", "TypeScript", 0, 0, 0, 0, 32, 0, 0, 0, 0, 0, 10, 42
"/media/roman/414054776F940E4C/Projects/PARAtask/paratime/src/app/tasks/details-container/stage-details/stage-details.component.css", "CSS", 0, 0, 0, 0, 0, 1, 0, 0, 0, 0, 1, 2
"/media/roman/414054776F940E4C/Projects/PARAtask/paratime/src/app/tasks/details-container/stage-details/stage-details.component.html", "HTML", 0, 0, 0, 0, 0, 0, 87, 0, 0, 0, 5, 92
"/media/roman/414054776F940E4C/Projects/PARAtask/paratime/src/app/tasks/details-container/stage-details/stage-details.component.spec.ts", "TypeScript", 0, 0, 0, 0, 20, 0, 0, 0, 0, 0, 6, 26
"/media/roman/414054776F940E4C/Projects/PARAtask/paratime/src/app/tasks/details-container/stage-details/stage-details.component.ts", "TypeScript", 0, 0, 0, 0, 33, 0, 0, 0, 0, 0, 10, 43
"/media/roman/414054776F940E4C/Projects/PARAtask/paratime/src/app/tasks/details-container/task-details/events/close.event.ts", "TypeScript", 0, 0, 0, 0, 3, 0, 0, 0, 0, 0, 3, 6
"/media/roman/414054776F940E4C/Projects/PARAtask/paratime/src/app/tasks/details-container/task-details/events/open.labels.event.ts", "TypeScript", 0, 0, 0, 0, 3, 0, 0, 0, 0, 0, 3, 6
"/media/roman/414054776F940E4C/Projects/PARAtask/paratime/src/app/tasks/details-container/task-details/events/save.event.ts", "TypeScript", 0, 0, 0, 0, 4, 0, 0, 0, 0, 0, 3, 7
"/media/roman/414054776F940E4C/Projects/PARAtask/paratime/src/app/tasks/details-container/task-details/labels/task.label.model.ts", "TypeScript", 0, 0, 0, 0, 30, 0, 0, 0, 0, 0, 8, 38
"/media/roman/414054776F940E4C/Projects/PARAtask/paratime/src/app/tasks/details-container/task-details/labels/task.labels.controller.ts", "TypeScript", 0, 0, 0, 0, 99, 0, 0, 0, 0, 5, 22, 126
"/media/roman/414054776F940E4C/Projects/PARAtask/paratime/src/app/tasks/details-container/task-details/model/change.detector.ts", "TypeScript", 0, 0, 0, 0, 25, 0, 0, 0, 0, 1, 7, 33
"/media/roman/414054776F940E4C/Projects/PARAtask/paratime/src/app/tasks/details-container/task-details/model/model.ts", "TypeScript", 0, 0, 0, 0, 34, 0, 0, 0, 0, 1, 10, 45
"/media/roman/414054776F940E4C/Projects/PARAtask/paratime/src/app/tasks/details-container/task-details/model/state.ts", "TypeScript", 0, 0, 0, 0, 37, 0, 0, 0, 0, 0, 13, 50
"/media/roman/414054776F940E4C/Projects/PARAtask/paratime/src/app/tasks/details-container/task-details/model/validator.ts", "TypeScript", 0, 0, 0, 0, 13, 0, 0, 0, 0, 0, 5, 18
"/media/roman/414054776F940E4C/Projects/PARAtask/paratime/src/app/tasks/details-container/task-details/subtask.view.ts", "TypeScript", 0, 0, 0, 0, 21, 0, 0, 0, 0, 0, 5, 26
"/media/roman/414054776F940E4C/Projects/PARAtask/paratime/src/app/tasks/details-container/task-details/subtasks/subtasks.editing.controller.ts", "TypeScript", 0, 0, 0, 0, 93, 0, 0, 0, 0, 1, 20, 114
"/media/roman/414054776F940E4C/Projects/PARAtask/paratime/src/app/tasks/details-container/task-details/subtasks/subtasks.editing.model.ts", "TypeScript", 0, 0, 0, 0, 42, 0, 0, 0, 0, 0, 14, 56
"/media/roman/414054776F940E4C/Projects/PARAtask/paratime/src/app/tasks/details-container/task-details/task-details.component.css", "CSS", 0, 0, 0, 0, 0, 89, 0, 0, 0, 6, 26, 121
"/media/roman/414054776F940E4C/Projects/PARAtask/paratime/src/app/tasks/details-container/task-details/task-details.component.html", "HTML", 0, 0, 0, 0, 0, 0, 388, 0, 0, 3, 24, 415
"/media/roman/414054776F940E4C/Projects/PARAtask/paratime/src/app/tasks/details-container/task-details/task-details.component.spec.ts", "TypeScript", 0, 0, 0, 0, 20, 0, 0, 0, 0, 0, 6, 26
"/media/roman/414054776F940E4C/Projects/PARAtask/paratime/src/app/tasks/details-container/task-details/task-details.component.ts", "TypeScript", 0, 0, 0, 0, 154, 0, 0, 0, 0, 5, 23, 182
"/media/roman/414054776F940E4C/Projects/PARAtask/paratime/src/app/tasks/lists-container/lists-container.component.css", "CSS", 0, 0, 0, 0, 0, 47, 0, 0, 0, 0, 8, 55
"/media/roman/414054776F940E4C/Projects/PARAtask/paratime/src/app/tasks/lists-container/lists-container.component.html", "HTML", 0, 0, 0, 0, 0, 0, 24, 0, 0, 0, 4, 28
"/media/roman/414054776F940E4C/Projects/PARAtask/paratime/src/app/tasks/lists-container/lists-container.component.spec.ts", "TypeScript", 0, 0, 0, 0, 20, 0, 0, 0, 0, 0, 6, 26
"/media/roman/414054776F940E4C/Projects/PARAtask/paratime/src/app/tasks/lists-container/lists-container.component.ts", "TypeScript", 0, 0, 0, 0, 27, 0, 0, 0, 0, 1, 10, 38
"/media/roman/414054776F940E4C/Projects/PARAtask/paratime/src/app/tasks/lists-container/projects/adding/projects.adding.controller.ts", "TypeScript", 0, 0, 0, 0, 50, 0, 0, 0, 0, 2, 13, 65
"/media/roman/414054776F940E4C/Projects/PARAtask/paratime/src/app/tasks/lists-container/projects/adding/projects.adding.model.ts", "TypeScript", 0, 0, 0, 0, 9, 0, 0, 0, 0, 0, 3, 12
"/media/roman/414054776F940E4C/Projects/PARAtask/paratime/src/app/tasks/lists-container/projects/common/model.ts", "TypeScript", 0, 0, 0, 0, 53, 0, 0, 0, 0, 2, 18, 73
"/media/roman/414054776F940E4C/Projects/PARAtask/paratime/src/app/tasks/lists-container/projects/common/projects.loader.ts", "TypeScript", 0, 0, 0, 0, 6, 0, 0, 0, 0, 0, 2, 8
"/media/roman/414054776F940E4C/Projects/PARAtask/paratime/src/app/tasks/lists-container/projects/common/special_list.ts", "TypeScript", 0, 0, 0, 0, 4, 0, 0, 0, 0, 0, 0, 4
"/media/roman/414054776F940E4C/Projects/PARAtask/paratime/src/app/tasks/lists-container/projects/common/state.ts", "TypeScript", 0, 0, 0, 0, 51, 0, 0, 0, 0, 0, 16, 67
"/media/roman/414054776F940E4C/Projects/PARAtask/paratime/src/app/tasks/lists-container/projects/events/project.event.ts", "TypeScript", 0, 0, 0, 0, 10, 0, 0, 0, 0, 1, 8, 19
"/media/roman/414054776F940E4C/Projects/PARAtask/paratime/src/app/tasks/lists-container/projects/filtering/filter_model.ts", "TypeScript", 0, 0, 0, 0, 33, 0, 0, 0, 0, 0, 11, 44
"/media/roman/414054776F940E4C/Projects/PARAtask/paratime/src/app/tasks/lists-container/projects/filtering/projects.filtering.controller.ts", "TypeScript", 0, 0, 0, 0, 32, 0, 0, 0, 0, 1, 6, 39
"/media/roman/414054776F940E4C/Projects/PARAtask/paratime/src/app/tasks/lists-container/projects/projects.component.css", "CSS", 0, 0, 0, 0, 0, 66, 0, 0, 0, 7, 28, 101
"/media/roman/414054776F940E4C/Projects/PARAtask/paratime/src/app/tasks/lists-container/projects/projects.component.html", "HTML", 0, 0, 0, 0, 0, 0, 107, 0, 0, 1, 16, 124
"/media/roman/414054776F940E4C/Projects/PARAtask/paratime/src/app/tasks/lists-container/projects/projects.component.spec.ts", "TypeScript", 0, 0, 0, 0, 20, 0, 0, 0, 0, 0, 6, 26
"/media/roman/414054776F940E4C/Projects/PARAtask/paratime/src/app/tasks/lists-container/projects/projects.component.ts", "TypeScript", 0, 0, 0, 0, 101, 0, 0, 0, 0, 9, 23, 133
"/media/roman/414054776F940E4C/Projects/PARAtask/paratime/src/app/tasks/lists-container/projects/removing/projects.removing.controller.ts", "TypeScript", 0, 0, 0, 0, 35, 0, 0, 0, 0, 0, 8, 43
"/media/roman/414054776F940E4C/Projects/PARAtask/paratime/src/app/tasks/lists-container/special-lists/events/special.list.event.ts", "TypeScript", 0, 0, 0, 0, 7, 0, 0, 0, 0, 0, 3, 10
"/media/roman/414054776F940E4C/Projects/PARAtask/paratime/src/app/tasks/lists-container/special-lists/special-lists.component.css", "CSS", 0, 0, 0, 0, 0, 0, 0, 0, 0, 0, 1, 1
"/media/roman/414054776F940E4C/Projects/PARAtask/paratime/src/app/tasks/lists-container/special-lists/special-lists.component.html", "HTML", 0, 0, 0, 0, 0, 0, 19, 0, 0, 1, 4, 24
"/media/roman/414054776F940E4C/Projects/PARAtask/paratime/src/app/tasks/lists-container/special-lists/special-lists.component.spec.ts", "TypeScript", 0, 0, 0, 0, 20, 0, 0, 0, 0, 0, 6, 26
"/media/roman/414054776F940E4C/Projects/PARAtask/paratime/src/app/tasks/lists-container/special-lists/special-lists.component.ts", "TypeScript", 0, 0, 0, 0, 18, 0, 0, 0, 0, 1, 8, 27
"/media/roman/414054776F940E4C/Projects/PARAtask/paratime/src/app/tasks/tasks-container/calendar/calendar.component.css", "CSS", 0, 0, 0, 0, 0, 92, 0, 0, 0, 1, 23, 116
"/media/roman/414054776F940E4C/Projects/PARAtask/paratime/src/app/tasks/tasks-container/calendar/calendar.component.html", "HTML", 0, 0, 0, 0, 0, 0, 129, 0, 0, 4, 11, 144
"/media/roman/414054776F940E4C/Projects/PARAtask/paratime/src/app/tasks/tasks-container/calendar/calendar.component.spec.ts", "TypeScript", 0, 0, 0, 0, 20, 0, 0, 0, 0, 0, 6, 26
"/media/roman/414054776F940E4C/Projects/PARAtask/paratime/src/app/tasks/tasks-container/calendar/calendar.component.ts", "TypeScript", 0, 0, 0, 0, 221, 0, 0, 0, 0, 1, 45, 267
"/media/roman/414054776F940E4C/Projects/PARAtask/paratime/src/app/tasks/tasks-container/calendar/calendar/calendar.creator.ts", "TypeScript", 0, 0, 0, 0, 49, 0, 0, 0, 0, 0, 8, 57
"/media/roman/414054776F940E4C/Projects/PARAtask/paratime/src/app/tasks/tasks-container/calendar/calendar/task.loader.ts", "TypeScript", 0, 0, 0, 0, 61, 0, 0, 0, 0, 3, 9, 73
"/media/roman/414054776F940E4C/Projects/PARAtask/paratime/src/app/tasks/tasks-container/calendar/task.day.ts", "TypeScript", 0, 0, 0, 0, 44, 0, 0, 0, 0, 1, 10, 55
"/media/roman/414054776F940E4C/Projects/PARAtask/paratime/src/app/tasks/tasks-container/events/details.event.ts", "TypeScript", 0, 0, 0, 0, 7, 0, 0, 0, 0, 0, 3, 10
"/media/roman/414054776F940E4C/Projects/PARAtask/paratime/src/app/tasks/tasks-container/events/remove.event.ts", "TypeScript", 0, 0, 0, 0, 4, 0, 0, 0, 0, 0, 3, 7
"/media/roman/414054776F940E4C/Projects/PARAtask/paratime/src/app/tasks/tasks-container/kanban/controllers/column.controller.ts", "TypeScript", 0, 0, 0, 0, 58, 0, 0, 0, 0, 4, 9, 71
"/media/roman/414054776F940E4C/Projects/PARAtask/paratime/src/app/tasks/tasks-container/kanban/controllers/order.controller.ts", "TypeScript", 0, 0, 0, 0, 119, 0, 0, 0, 0, 0, 7, 126
"/media/roman/414054776F940E4C/Projects/PARAtask/paratime/src/app/tasks/tasks-container/kanban/controllers/task.controller.ts", "TypeScript", 0, 0, 0, 0, 26, 0, 0, 0, 0, 1, 6, 33
"/media/roman/414054776F940E4C/Projects/PARAtask/paratime/src/app/tasks/tasks-container/kanban/kanban.component.css", "CSS", 0, 0, 0, 0, 0, 72, 0, 0, 0, 2, 19, 93
"/media/roman/414054776F940E4C/Projects/PARAtask/paratime/src/app/tasks/tasks-container/kanban/kanban.component.html", "HTML", 0, 0, 0, 0, 0, 0, 312, 0, 0, 0, 14, 326
"/media/roman/414054776F940E4C/Projects/PARAtask/paratime/src/app/tasks/tasks-container/kanban/kanban.component.spec.ts", "TypeScript", 0, 0, 0, 0, 20, 0, 0, 0, 0, 0, 6, 26
"/media/roman/414054776F940E4C/Projects/PARAtask/paratime/src/app/tasks/tasks-container/kanban/kanban.component.ts", "TypeScript", 0, 0, 0, 0, 156, 0, 0, 0, 0, 3, 35, 194
"/media/roman/414054776F940E4C/Projects/PARAtask/paratime/src/app/tasks/tasks-container/kanban/kanban.model.ts", "TypeScript", 0, 0, 0, 0, 140, 0, 0, 0, 0, 9, 36, 185
"/media/roman/414054776F940E4C/Projects/PARAtask/paratime/src/app/tasks/tasks-container/task.list.ts", "TypeScript", 0, 0, 0, 0, 12, 0, 0, 0, 0, 1, 2, 15
"/media/roman/414054776F940E4C/Projects/PARAtask/paratime/src/app/tasks/tasks-container/tasks-container.component.css", "CSS", 0, 0, 0, 0, 0, 18, 0, 0, 0, 0, 5, 23
"/media/roman/414054776F940E4C/Projects/PARAtask/paratime/src/app/tasks/tasks-container/tasks-container.component.html", "HTML", 0, 0, 0, 0, 0, 0, 22, 0, 0, 1, 4, 27
"/media/roman/414054776F940E4C/Projects/PARAtask/paratime/src/app/tasks/tasks-container/tasks-container.component.spec.ts", "TypeScript", 0, 0, 0, 0, 20, 0, 0, 0, 0, 0, 6, 26
"/media/roman/414054776F940E4C/Projects/PARAtask/paratime/src/app/tasks/tasks-container/tasks-container.component.ts", "TypeScript", 0, 0, 0, 0, 79, 0, 0, 0, 0, 5, 21, 105
"/media/roman/414054776F940E4C/Projects/PARAtask/paratime/src/app/tasks/tasks-container/tasks/adding/task.adding.controller.ts", "TypeScript", 0, 0, 0, 0, 65, 0, 0, 0, 0, 1, 12, 78
"/media/roman/414054776F940E4C/Projects/PARAtask/paratime/src/app/tasks/tasks-container/tasks/adding/task.adding.model.ts", "TypeScript", 0, 0, 0, 0, 19, 0, 0, 0, 0, 0, 6, 25
"/media/roman/414054776F940E4C/Projects/PARAtask/paratime/src/app/tasks/tasks-container/tasks/common/special.list.ts", "TypeScript", 0, 0, 0, 0, 41, 0, 0, 0, 0, 1, 8, 50
"/media/roman/414054776F940E4C/Projects/PARAtask/paratime/src/app/tasks/tasks-container/tasks/common/task.item.controller.ts", "TypeScript", 0, 0, 0, 0, 27, 0, 0, 0, 0, 2, 7, 36
"/media/roman/414054776F940E4C/Projects/PARAtask/paratime/src/app/tasks/tasks-container/tasks/common/task.item.info.ts", "TypeScript", 0, 0, 0, 0, 32, 0, 0, 0, 0, 2, 5, 39
"/media/roman/414054776F940E4C/Projects/PARAtask/paratime/src/app/tasks/tasks-container/tasks/controllers/order.controller.ts", "TypeScript", 0, 0, 0, 0, 18, 0, 0, 0, 0, 1, 4, 23
"/media/roman/414054776F940E4C/Projects/PARAtask/paratime/src/app/tasks/tasks-container/tasks/filter_model.ts", "TypeScript", 0, 0, 0, 0, 50, 0, 0, 0, 0, 0, 15, 65
"/media/roman/414054776F940E4C/Projects/PARAtask/paratime/src/app/tasks/tasks-container/tasks/filtering/task.filtering.controller.ts", "TypeScript", 0, 0, 0, 0, 68, 0, 0, 0, 0, 3, 12, 83
"/media/roman/414054776F940E4C/Projects/PARAtask/paratime/src/app/tasks/tasks-container/tasks/filtering/task.filtering.model.ts", "TypeScript", 0, 0, 0, 0, 17, 0, 0, 0, 0, 0, 8, 25
"/media/roman/414054776F940E4C/Projects/PARAtask/paratime/src/app/tasks/tasks-container/tasks/model.ts", "TypeScript", 0, 0, 0, 0, 67, 0, 0, 0, 0, 0, 17, 84
"/media/roman/414054776F940E4C/Projects/PARAtask/paratime/src/app/tasks/tasks-container/tasks/task.type.ts", "TypeScript", 0, 0, 0, 0, 4, 0, 0, 0, 0, 0, 1, 5
"/media/roman/414054776F940E4C/Projects/PARAtask/paratime/src/app/tasks/tasks-container/tasks/tasks.component.css", "CSS", 0, 0, 0, 0, 0, 49, 0, 0, 0, 8, 16, 73
"/media/roman/414054776F940E4C/Projects/PARAtask/paratime/src/app/tasks/tasks-container/tasks/tasks.component.html", "HTML", 0, 0, 0, 0, 0, 0, 257, 0, 0, 0, 23, 280
"/media/roman/414054776F940E4C/Projects/PARAtask/paratime/src/app/tasks/tasks-container/tasks/tasks.component.spec.ts", "TypeScript", 0, 0, 0, 0, 20, 0, 0, 0, 0, 0, 6, 26
"/media/roman/414054776F940E4C/Projects/PARAtask/paratime/src/app/tasks/tasks-container/tasks/tasks.component.ts", "TypeScript", 0, 0, 0, 0, 137, 0, 0, 0, 0, 3, 28, 168
"/media/roman/414054776F940E4C/Projects/PARAtask/paratime/src/app/tasks/tasks.module.ts", "TypeScript", 0, 0, 0, 0, 9, 0, 0, 0, 0, 0, 4, 13
"/media/roman/414054776F940E4C/Projects/PARAtask/paratime/src/app/tasks/tasks.service.spec.ts", "TypeScript", 0, 0, 0, 0, 12, 0, 0, 0, 0, 0, 5, 17
"/media/roman/414054776F940E4C/Projects/PARAtask/paratime/src/app/tasks/tasks.service.ts", "TypeScript", 0, 0, 0, 0, 53, 0, 0, 0, 0, 1, 13, 67
"/media/roman/414054776F940E4C/Projects/PARAtask/paratime/src/app/ui/ui.module.ts", "TypeScript", 0, 0, 0, 0, 9, 0, 0, 0, 0, 0, 4, 13
"/media/roman/414054776F940E4C/Projects/PARAtask/paratime/src/app/ui/widgets/dialog/dialog.component.css", "CSS", 0, 0, 0, 0, 0, 0, 0, 0, 0, 0, 1, 1
"/media/roman/414054776F940E4C/Projects/PARAtask/paratime/src/app/ui/widgets/dialog/dialog.component.html", "HTML", 0, 0, 0, 0, 0, 0, 7, 0, 0, 0, 0, 7
"/media/roman/414054776F940E4C/Projects/PARAtask/paratime/src/app/ui/widgets/dialog/dialog.component.spec.ts", "TypeScript", 0, 0, 0, 0, 20, 0, 0, 0, 0, 0, 6, 26
"/media/roman/414054776F940E4C/Projects/PARAtask/paratime/src/app/ui/widgets/dialog/dialog.component.ts", "TypeScript", 0, 0, 0, 0, 15, 0, 0, 0, 0, 0, 4, 19
"/media/roman/414054776F940E4C/Projects/PARAtask/paratime/src/app/ui/widgets/timepicker/directives/timepicker-trigger.directive.spec.ts", "TypeScript", 0, 0, 0, 0, 5, 0, 0, 0, 0, 2, 2, 9
"/media/roman/414054776F940E4C/Projects/PARAtask/paratime/src/app/ui/widgets/timepicker/directives/timepicker-trigger.directive.ts", "TypeScript", 0, 0, 0, 0, 31, 0, 0, 0, 0, 0, 13, 44
"/media/roman/414054776F940E4C/Projects/PARAtask/paratime/src/app/ui/widgets/timepicker/directives/trigger.ts", "TypeScript", 0, 0, 0, 0, 0, 0, 0, 0, 0, 0, 2, 2
"/media/roman/414054776F940E4C/Projects/PARAtask/paratime/src/app/ui/widgets/timepicker/time_model.ts", "TypeScript", 0, 0, 0, 0, 13, 0, 0, 0, 0, 0, 5, 18
"/media/roman/414054776F940E4C/Projects/PARAtask/paratime/src/app/ui/widgets/timepicker/timepicker.component.css", "CSS", 0, 0, 0, 0, 0, 21, 0, 0, 0, 0, 4, 25
"/media/roman/414054776F940E4C/Projects/PARAtask/paratime/src/app/ui/widgets/timepicker/timepicker.component.html", "HTML", 0, 0, 0, 0, 0, 0, 22, 0, 0, 0, 3, 25
"/media/roman/414054776F940E4C/Projects/PARAtask/paratime/src/app/ui/widgets/timepicker/timepicker.component.spec.ts", "TypeScript", 0, 0, 0, 0, 20, 0, 0, 0, 0, 0, 6, 26
"/media/roman/414054776F940E4C/Projects/PARAtask/paratime/src/app/ui/widgets/timepicker/timepicker.component.ts", "TypeScript", 0, 0, 0, 0, 107, 0, 0, 0, 0, 2, 27, 136
"/media/roman/414054776F940E4C/Projects/PARAtask/paratime/src/app/ui/widgets/widgets.module.ts", "TypeScript", 0, 0, 0, 0, 14, 0, 0, 0, 0, 0, 3, 17
"/media/roman/414054776F940E4C/Projects/PARAtask/paratime/src/custom-theme.scss", "SCSS", 0, 0, 0, 7, 0, 0, 0, 0, 0, 14, 8, 29
"/media/roman/414054776F940E4C/Projects/PARAtask/paratime/src/environments/environment.prod.ts", "TypeScript", 0, 0, 0, 0, 3, 0, 0, 0, 0, 0, 1, 4
"/media/roman/414054776F940E4C/Projects/PARAtask/paratime/src/environments/environment.ts", "TypeScript", 0, 0, 0, 0, 3, 0, 0, 0, 0, 11, 3, 17
"/media/roman/414054776F940E4C/Projects/PARAtask/paratime/src/index.html", "HTML", 0, 0, 0, 0, 0, 0, 15, 0, 0, 0, 1, 16
"/media/roman/414054776F940E4C/Projects/PARAtask/paratime/src/main.js", "JavaScript", 0, 30, 0, 0, 0, 0, 0, 0, 0, 4, 11, 45
"/media/roman/414054776F940E4C/Projects/PARAtask/paratime/src/main.ts", "TypeScript", 0, 0, 0, 0, 9, 0, 0, 0, 0, 0, 4, 13
"/media/roman/414054776F940E4C/Projects/PARAtask/paratime/src/polyfills.ts", "TypeScript", 0, 0, 0, 0, 2, 0, 0, 0, 0, 58, 8, 68
"/media/roman/414054776F940E4C/Projects/PARAtask/paratime/src/styles.css", "CSS", 0, 0, 0, 0, 0, 463, 0, 0, 0, 21, 107, 591
"/media/roman/414054776F940E4C/Projects/PARAtask/paratime/src/test.ts", "TypeScript", 0, 0, 0, 0, 18, 0, 0, 0, 0, 4, 4, 26
"/media/roman/414054776F940E4C/Projects/PARAtask/paratime/tsconfig.app.json", "JSON", 0, 0, 14, 0, 0, 0, 0, 0, 0, 0, 2, 16
"/media/roman/414054776F940E4C/Projects/PARAtask/paratime/tsconfig.json", "JSON", 0, 0, 24, 0, 0, 0, 0, 0, 0, 0, 3, 27
"/media/roman/414054776F940E4C/Projects/PARAtask/paratime/tsconfig.serve.json", "JSON", 0, 0, 24, 0, 0, 0, 0, 0, 0, 3, 0, 27
"/media/roman/414054776F940E4C/Projects/PARAtask/paratime/tsconfig.spec.json", "JSON", 0, 0, 18, 0, 0, 0, 0, 0, 0, 0, 1, 19
"/media/roman/414054776F940E4C/Projects/PARAtask/paratime/tslint.json", "JSON", 0, 0, 148, 0, 0, 0, 0, 0, 0, 0, 0, 148
"Total", "-", 12, 83, 16667, 7, 9046, 1181, 2023, 8, 3242, 857, 2720, 35846